{"cameraMode":{"drawMode":0,"name":"Shaded","section":"Shading Mode"},"sceneLighting":false,"audioPlay":false,"sceneViewState":{"showFog":false,"showMaterialUpdate":false,"showSkybox":false,"showFlares":false,"showImageEffects":false,"showParticleSystems":false},"in2DMode":false,"pivot":{"x":143.03070068359376,"y":-297.549560546875,"z":217.95428466796876},"rotation":{"x":0.393293172121048,"y":0.2706022262573242,"z":-0.12230364233255387,"w":0.870152473449707},"size":254.1200714111328,"orthographic":false}